path,class_id
marvel/0001/001.jpg,1
marvel/0001/002.jpg,1
marvel/0001/003.jpg,1
marvel/0001/004.jpg,1
marvel/0001/005.jpg,1
marvel/0001/006.jpg,1
marvel/0001/007.jpg,1
marvel/0001/008.jpg,1
marvel/0001/009.jpg,1
marvel/0001/010.jpg,1
marvel/0002/001.jpg,2
marvel/0002/002.jpg,2
marvel/0002/003.jpg,2
marvel/0002/004.jpg,2
marvel/0002/005.jpg,2
marvel/0002/006.jpg,2
marvel/0002/007.jpg,2
marvel/0002/008.jpg,2
marvel/0002/009.jpg,2
marvel/0002/010.jpg,2
marvel/0003/001.jpg,3
marvel/0003/002.jpg,3
marvel/0003/003.jpg,3
marvel/0003/004.jpg,3
marvel/0003/005.jpg,3
marvel/0003/006.jpg,3
marvel/0003/007.jpg,3
marvel/0003/008.jpg,3
marvel/0003/009.jpg,3
marvel/0003/010.jpg,3
marvel/0004/001.jpg,4
marvel/0004/002.jpg,4
marvel/0004/003.jpg,4
marvel/0004/004.jpg,4
marvel/0004/005.jpg,4
marvel/0004/006.jpg,4
marvel/0004/007.jpg,4
marvel/0004/008.jpg,4
marvel/0004/009.jpg,4
marvel/0004/010.jpg,4
star-wars/0001/001.jpg,5
star-wars/0001/002.jpg,5
star-wars/0001/003.jpg,5
star-wars/0001/004.jpg,5
star-wars/0001/005.jpg,5
star-wars/0001/006.jpg,5
star-wars/0001/007.jpg,5
star-wars/0001/008.jpg,5
star-wars/0001/009.jpg,5
star-wars/0001/010.jpg,5
star-wars/0001/011.jpg,5
star-wars/0001/012.jpg,5
star-wars/0002/001.jpg,6
star-wars/0002/002.jpg,6
star-wars/0002/003.jpg,6
star-wars/0002/004.jpg,6
star-wars/0002/005.jpg,6
star-wars/0002/006.jpg,6
star-wars/0002/007.jpg,6
star-wars/0002/008.jpg,6
star-wars/0002/009.jpg,6
star-wars/0002/010.jpg,6
star-wars/0002/011.jpg,6
star-wars/0002/012.jpg,6
star-wars/0003/001.jpg,7
star-wars/0003/002.jpg,7
star-wars/0003/003.jpg,7
star-wars/0003/004.jpg,7
star-wars/0003/005.jpg,7
star-wars/0003/006.jpg,7
star-wars/0003/007.jpg,7
star-wars/0003/008.jpg,7
star-wars/0003/009.jpg,7
star-wars/0003/010.jpg,7
star-wars/0003/011.jpg,7
star-wars/0003/012.jpg,7
star-wars/0004/001.jpg,8
star-wars/0004/002.jpg,8
star-wars/0004/003.jpg,8
star-wars/0004/004.jpg,8
star-wars/0004/005.jpg,8
star-wars/0004/006.jpg,8
star-wars/0004/007.jpg,8
star-wars/0004/008.jpg,8
star-wars/0004/009.jpg,8
star-wars/0004/010.jpg,8
star-wars/0004/011.jpg,8
star-wars/0005/001.jpg,9
star-wars/0005/002.jpg,9
star-wars/0005/003.jpg,9
star-wars/0005/004.jpg,9
star-wars/0005/005.jpg,9
star-wars/0005/006.jpg,9
star-wars/0005/007.jpg,9
star-wars/0005/008.jpg,9
star-wars/0005/009.jpg,9
star-wars/0005/010.jpg,9
star-wars/0005/011.jpg,9
star-wars/0005/012.jpg,9
star-wars/0006/001.jpg,10
star-wars/0006/002.jpg,10
star-wars/0006/003.jpg,10
star-wars/0006/004.jpg,10
star-wars/0006/005.jpg,10
star-wars/0006/006.jpg,10
star-wars/0006/007.jpg,10
star-wars/0006/008.jpg,10
star-wars/0007/001.jpg,11
star-wars/0007/002.jpg,11
star-wars/0007/003.jpg,11
star-wars/0007/004.jpg,11
star-wars/0007/005.jpg,11
star-wars/0007/006.jpg,11
star-wars/0007/007.jpg,11
star-wars/0008/001.jpg,12
star-wars/0008/002.jpg,12
star-wars/0008/003.jpg,12
star-wars/0008/004.jpg,12
star-wars/0008/005.jpg,12
star-wars/0008/006.jpg,12
star-wars/0008/007.jpg,12
star-wars/0009/001.jpg,13
star-wars/0009/002.jpg,13
star-wars/0009/003.jpg,13
star-wars/0009/004.jpg,13
star-wars/0009/005.jpg,13
star-wars/0009/006.jpg,13
star-wars/0009/007.jpg,13
star-wars/0010/001.jpg,14
star-wars/0010/002.jpg,14
star-wars/0010/003.jpg,14
star-wars/0010/004.jpg,14
star-wars/0010/005.jpg,14
star-wars/0010/006.jpg,14
star-wars/0010/007.jpg,14
marvel/0005/001.jpg,15
marvel/0005/002.jpg,15
marvel/0005/003.jpg,15
marvel/0005/004.jpg,15
marvel/0005/005.jpg,15
marvel/0005/006.jpg,15
marvel/0005/007.jpg,15
marvel/0005/008.jpg,15
marvel/0006/001.jpg,16
marvel/0006/002.jpg,16
marvel/0006/003.jpg,16
marvel/0006/004.jpg,16
marvel/0006/005.jpg,16
marvel/0006/006.jpg,16
marvel/0006/007.jpg,16
marvel/0006/008.jpg,16
marvel/0007/001.jpg,17
marvel/0007/002.jpg,17
marvel/0007/003.jpg,17
marvel/0007/004.jpg,17
marvel/0007/005.jpg,17
marvel/0007/006.jpg,17
marvel/0007/007.jpg,17
marvel/0007/008.jpg,17
harry-potter/0001/001.jpg,18
harry-potter/0001/002.jpg,18
harry-potter/0001/003.jpg,18
harry-potter/0001/004.jpg,18
harry-potter/0001/005.jpg,18
harry-potter/0001/006.jpg,18
harry-potter/0001/007.jpg,18
harry-potter/0001/008.jpg,18
harry-potter/0001/009.jpg,18
harry-potter/0001/010.jpg,18
harry-potter/0001/011.jpg,18
harry-potter/0002/001.jpg,19
harry-potter/0002/002.jpg,19
harry-potter/0002/003.jpg,19
harry-potter/0002/004.jpg,19
harry-potter/0002/005.jpg,19
harry-potter/0002/006.jpg,19
harry-potter/0002/007.jpg,19
harry-potter/0002/008.jpg,19
harry-potter/0002/009.jpg,19
harry-potter/0002/010.jpg,19
harry-potter/0002/011.jpg,19
marvel/0008/001.jpg,20
marvel/0008/002.jpg,20
marvel/0008/003.jpg,20
marvel/0008/004.jpg,20
marvel/0008/005.jpg,20
marvel/0008/006.jpg,20
marvel/0008/007.jpg,20
marvel/0008/008.jpg,20
marvel/0008/009.jpg,20
marvel/0008/010.jpg,20
marvel/0008/011.jpg,20
marvel/0009/001.jpg,21
marvel/0009/002.jpg,21
marvel/0009/003.jpg,21
marvel/0009/004.jpg,21
marvel/0009/005.jpg,21
marvel/0009/006.jpg,21
marvel/0009/007.jpg,21
marvel/0009/008.jpg,21
marvel/0009/009.jpg,21
marvel/0009/010.jpg,21
marvel/0009/011.jpg,21
marvel/0010/001.jpg,22
marvel/0010/002.jpg,22
marvel/0010/003.jpg,22
marvel/0010/004.jpg,22
marvel/0010/005.jpg,22
marvel/0010/006.jpg,22
marvel/0010/007.jpg,22
marvel/0010/008.jpg,22
marvel/0010/009.jpg,22
marvel/0010/010.jpg,22
marvel/0010/011.jpg,22
marvel/0011/001.jpg,23
marvel/0011/002.jpg,23
marvel/0011/003.jpg,23
marvel/0011/004.jpg,23
marvel/0011/005.jpg,23
marvel/0011/006.jpg,23
marvel/0011/007.jpg,23
marvel/0011/008.jpg,23
marvel/0011/009.jpg,23
marvel/0011/010.jpg,23
marvel/0012/001.jpg,24
marvel/0012/002.jpg,24
marvel/0012/003.jpg,24
marvel/0012/004.jpg,24
marvel/0012/005.jpg,24
marvel/0012/006.jpg,24
marvel/0012/007.jpg,24
marvel/0012/008.jpg,24
marvel/0012/009.jpg,24
marvel/0012/010.jpg,24
marvel/0013/001.jpg,25
marvel/0013/002.jpg,25
marvel/0013/003.jpg,25
marvel/0013/004.jpg,25
marvel/0013/005.jpg,25
marvel/0013/006.jpg,25
marvel/0013/007.jpg,25
marvel/0013/008.jpg,25
marvel/0013/009.jpg,25
marvel/0013/010.jpg,25
jurassic-world/0001/001.jpg,26
jurassic-world/0001/002.jpg,26
jurassic-world/0001/003.jpg,26
jurassic-world/0001/004.jpg,26
jurassic-world/0001/005.jpg,26
jurassic-world/0001/006.jpg,26
jurassic-world/0001/007.jpg,26
jurassic-world/0001/008.jpg,26
jurassic-world/0001/009.jpg,26
jurassic-world/0001/010.jpg,26
jurassic-world/0001/011.jpg,26
jurassic-world/0001/012.jpg,26
jurassic-world/0002/001.jpg,27
jurassic-world/0002/002.jpg,27
jurassic-world/0002/003.jpg,27
jurassic-world/0002/004.jpg,27
jurassic-world/0002/005.jpg,27
jurassic-world/0002/006.jpg,27
jurassic-world/0002/007.jpg,27
jurassic-world/0002/008.jpg,27
jurassic-world/0002/009.jpg,27
jurassic-world/0002/010.jpg,27
jurassic-world/0002/011.jpg,27
jurassic-world/0002/012.jpg,27
marvel/0014/001.jpg,28
marvel/0014/002.jpg,28
marvel/0014/003.jpg,28
marvel/0014/004.jpg,28
marvel/0014/005.jpg,28
marvel/0014/006.jpg,28
marvel/0014/007.jpg,28
marvel/0014/008.jpg,28
marvel/0014/009.jpg,28
marvel/0014/010.jpg,28
marvel/0015/001.jpg,29
marvel/0015/002.jpg,29
marvel/0015/003.jpg,29
marvel/0015/004.jpg,29
marvel/0015/005.jpg,29
marvel/0015/006.jpg,29
marvel/0015/007.jpg,29
marvel/0015/008.jpg,29
marvel/0015/009.jpg,29
marvel/0015/010.jpg,29
marvel/0016/001.jpg,30
marvel/0016/002.jpg,30
marvel/0016/003.jpg,30
marvel/0016/004.jpg,30
marvel/0016/005.jpg,30
marvel/0016/006.jpg,30
marvel/0016/007.jpg,30
marvel/0016/008.jpg,30
marvel/0016/009.jpg,30
marvel/0016/010.jpg,30
marvel/0017/001.jpg,31
marvel/0017/002.jpg,31
marvel/0017/003.jpg,31
marvel/0017/004.jpg,31
marvel/0017/005.jpg,31
marvel/0017/006.jpg,31
marvel/0017/007.jpg,31
marvel/0017/008.jpg,31
marvel/0017/009.jpg,31
marvel/0017/010.jpg,31
star-wars/0011/001.jpg,32
star-wars/0011/002.jpg,32
star-wars/0011/003.jpg,32
star-wars/0011/004.jpg,32
star-wars/0011/005.jpg,32
star-wars/0011/006.jpg,32
star-wars/0011/007.jpg,32
star-wars/0011/008.jpg,32
star-wars/0012/001.jpg,33
star-wars/0012/002.jpg,33
star-wars/0012/003.jpg,33
star-wars/0012/004.jpg,33
star-wars/0012/005.jpg,33
star-wars/0012/006.jpg,33
star-wars/0012/007.jpg,33
star-wars/0012/008.jpg,33
star-wars/0013/001.jpg,34
star-wars/0013/002.jpg,34
star-wars/0013/003.jpg,34
star-wars/0013/004.jpg,34
star-wars/0013/005.jpg,34
star-wars/0013/006.jpg,34
star-wars/0013/007.jpg,34
star-wars/0013/008.jpg,34
star-wars/0013/009.jpg,34
star-wars/0014/001.jpg,35
star-wars/0014/002.jpg,35
star-wars/0014/003.jpg,35
star-wars/0014/004.jpg,35
star-wars/0014/005.jpg,35
star-wars/0014/006.jpg,35
star-wars/0014/007.jpg,35
star-wars/0014/008.jpg,35
star-wars/0014/009.jpg,35
star-wars/0015/001.jpg,36
star-wars/0015/002.jpg,36
star-wars/0015/003.jpg,36
star-wars/0015/004.jpg,36
star-wars/0015/005.jpg,36
star-wars/0015/006.jpg,36
star-wars/0015/007.jpg,36
star-wars/0015/008.jpg,36
star-wars/0015/009.jpg,36
star-wars/0015/010.jpg,36
star-wars/0016/001.jpg,37
star-wars/0016/002.jpg,37
star-wars/0016/003.jpg,37
star-wars/0016/004.jpg,37
star-wars/0016/005.jpg,37
star-wars/0016/006.jpg,37
star-wars/0016/007.jpg,37
star-wars/0016/008.jpg,37
star-wars/0016/009.jpg,37
star-wars/0017/001.jpg,38
star-wars/0017/002.jpg,38
star-wars/0017/003.jpg,38
star-wars/0017/004.jpg,38
star-wars/0017/005.jpg,38
star-wars/0017/006.jpg,38
star-wars/0017/007.jpg,38
star-wars/0017/008.jpg,38
star-wars/0017/009.jpg,38
star-wars/0017/010.jpg,38
